loss,mean_absolute_error,mean_absolute_percentage_error
0.005580205470323563,0.06024967506527901,32460.732421875
