loss,mean_squared_error,mean_absolute_error,mean_absolute_percentage_error
0.005353164859116077,0.005353164859116077,0.056735455989837646,18037.890625
