loss,mean_squared_error,mean_absolute_error,mean_absolute_percentage_error
1.914025233418215e-06,1.914025233418215e-06,0.0007460200577042997,0.20858025550842285
