loss,mean_absolute_error,mean_absolute_percentage_error
0.22271010279655457,0.26353076100349426,347.0922546386719
