loss,mean_absolute_error,mean_absolute_percentage_error
0.21678923070430756,0.2606263756752014,345.5096435546875
