loss,mean_absolute_error,mean_absolute_percentage_error
2.1795333395857597e-06,0.0006576642044819891,0.18393684923648834
